Country,Exam board,Course,Content name,Starmast Link
Australia,QCAA,Mathematical Methods,"Unit 1: Algebra, statistics and functions",
Australia,QCAA,Mathematical Methods,"Unit 1: Algebra, statistics and functions",
Australia,QCAA,Mathematical Methods,"Unit 1: Algebra, statistics and functions",./studyguides/introtoprobability.qmd
Australia,QCAA,Mathematical Methods,"Unit 1: Algebra, statistics and functions",./studyguides/solvingeqsindices.qmd
Australia,QCAA,Mathematical Methods,"Unit 1: Algebra, statistics and functions",
Australia,QCAA,Mathematical Methods,Unit 2: Calculus and further functions,./studyguides/logarithms.qmd
Australia,QCAA,Mathematical Methods,Unit 2: Calculus and further functions,./studyguides/trigonometry-degrees.qmd
Australia,QCAA,Mathematical Methods,Unit 2: Calculus and further functions,./studyguides/trigonometricidentities-degrees.qmd
Australia,QCAA,Mathematical Methods,Unit 2: Calculus and further functions,./studyguides/introtodifferentiation.qmd
Australia,QCAA,Mathematical Methods,Unit 2: Calculus and further functions,./studyguides/productrule.qmd
Australia,QCAA,Mathematical Methods,Unit 2: Calculus and further functions,
Australia,QCAA,Mathematical Methods,Unit 2: Calculus and further functions,./studyguides/trigonometry-radians.qmd
Australia,QCAA,Mathematical Methods,Unit 2: Calculus and further functions,./studyguides/trigonometricidentities-radians.qmd
Australia,QCAA,Mathematical Methods,Unit 2: Calculus and further functions,./studyguides/chainrule.qmd
Australia,QCAA,Mathematical Methods,Unit 2: Calculus and further functions,./studyguides/quotientrule.qmd
Australia,QCAA,Mathematical Methods,Unit 2: Calculus and further functions,./studyguides/expectedvariance.qmd
Australia,QCAA,Mathematical Methods,Unit 3: Further Calculus,./factsheets/f-rulesofcalculus.qmd
Australia,QCAA,Mathematical Methods,Unit 3: Further Calculus,./studyguides/introtointegration.qmd
Australia,QCAA,Mathematical Methods,Unit 3: Further Calculus,./studyguides/logarithms.qmd
Australia,QCAA,Mathematical Methods,Unit 4: Further functions and statistics,
Australia,QCAA,Mathematical Methods,Unit 4: Further functions and statistics,
Australia,QCAA,Mathematical Methods,Unit 4: Further functions and statistics,./factsheets/f-normaldist.qmd
Australia,QCAA,Mathematical Methods,Unit 4: Further functions and statistics,./studyguides/hypothesistesting.qmd
Australia,QCAA,Specialist Mathematics,"Unit 1: Combinatorics, vectors and proof",
Australia,QCAA,Specialist Mathematics,"Unit 1: Combinatorics, vectors and proof",./studyguides/introtovectors.qmd
Australia,QCAA,Specialist Mathematics,"Unit 1: Combinatorics, vectors and proof",
Australia,QCAA,Specialist Mathematics,"Unit 2: Complex numbers, trigonometry, functions and matrices",./studyguides/radians.qmd
Australia,QCAA,Specialist Mathematics,"Unit 2: Complex numbers, trigonometry, functions and matrices",./studyguides/trigonometricidentities-degrees.qmd
Australia,QCAA,Specialist Mathematics,"Unit 2: Complex numbers, trigonometry, functions and matrices",./studyguides/trigonometricidentities-radians.qmd
Australia,QCAA,Specialist Mathematics,"Unit 3: Mathematical induction, and further vectors, matrices and complex numbers",./studyguides/scalarproduct.qmd
Australia,QCAA,Specialist Mathematics,"Unit 3: Mathematical induction, and further vectors, matrices and complex numbers",./studyguides/introductiontovectors.qmd
Australia,QCAA,Specialist Mathematics,"Unit 3: Mathematical induction, and further vectors, matrices and complex numbers",./studyguides/introtocomplexnumbers.qmd
Australia,QCAA,Specialist Mathematics,Unit 4: Further calculus and statistical inference,
Australia,QCAA,Specialist Mathematics,Unit 4: Further calculus and statistical inference,
Australia,QCAA,Specialist Mathematics,Unit 4: Further calculus and statistical inference,
UK,Edexcel,GCSE (Higher),Integers and Place value,
UK,Edexcel,GCSE (Higher),Decimals,
UK,Edexcel,GCSE (Higher),"Indices, Powers, and Roots",./studyguides/lawsofindices
UK,Edexcel,GCSE (Higher),"Factors, Multiples, and Primes",
UK,Edexcel,GCSE (Higher), Algebra (basic),./studyguides/introtorearrange
UK,Edexcel,GCSE (Higher),Expanding and Factorising Single Brackets,./studyguides/factorization
UK,Edexcel,GCSE (Higher),Expressions and Substitutions into Formulae,
UK,Edexcel,GCSE (Higher),Tables,
UK,Edexcel,GCSE (Higher),Charts and Graphs,
UK,Edexcel,GCSE (Higher),Pie Charts,
UK,Edexcel,GCSE (Higher),Scatter Graphs,
UK,Edexcel,GCSE (Higher),Fraction,
UK,Edexcel,GCSE (Higher),"Fraction, decimals and percentages",
UK,Edexcel,GCSE (Higher),Equations,
UK,Edexcel,GCSE (Higher),Inequalities,
UK,Edexcel,GCSE (Higher),Sequences,
UK,Edexcel,GCSE (Higher),"Properties of shapes, parallel line and angle facts",
UK,Edexcel,GCSE (Higher),Interior and exterior angles of polygons ,
UK,Edexcel,GCSE (Higher),Averages,
UK,Edexcel,GCSE (Higher),Perimeter and Area,
UK,Edexcel,GCSE (Higher),3D Forms and Volume,
UK,Edexcel,GCSE (Higher),Real-Life graph,
UK,Edexcel,GCSE (Higher),Straight-line graphs,
UK,Edexcel,GCSE (Higher),Transformations,
UK,Edexcel,GCSE (Higher),Ratios,
UK,Edexcel,GCSE (Higher),Proportion,
UK,Edexcel,GCSE (Higher),Right-angled Triangles,./studyguides/trigonometry-degrees
UK,Edexcel,GCSE (Higher),Probability,./studyguides/introtoprobability
UK,Edexcel,GCSE (Higher),Multiplicative reasoning ,
UK,Edexcel,GCSE (Higher),"Constiction, loci and bearings",
UK,Edexcel,GCSE (Higher),Quadratics,./studyguides/introtoquadratics
UK,Edexcel,GCSE (Higher),"Circles, Cylinders, Cones and Spheres",
UK,Edexcel,GCSE (Higher),Vectors,./studyguides/introductiontovectors
UK,OCR,A-Level Mathematics,Pure,./studyguides/quadraticformula.qmd
UK,OCR,A-Level Mathematics,Pure,./factsheets/f-lawsofindices.qmd
UK,OCR,A-Level Mathematics,Pure,./studyguides/rationalizingthedenominator.qmd
UK,OCR,A-Level Mathematics,Pure,./studyguides/introtosimeqs.qmd
UK,OCR,A-Level Mathematics,Pure,./studyguides/completingthesquare.qmd
UK,OCR,A-Level Mathematics,Pure,./studyguides/introtoquadratics.qmd 
UK,OCR,A-Level Mathematics,Pure,./studyguides/factorization.qmd
UK,OCR,A-Level Mathematics,Pure,./studyguides/sigmanotation.qmd
UK,OCR,A-Level Mathematics,Pure,./studyguides/trigonometricidentities-degrees.qmd
UK,OCR,A-Level Mathematics,Pure,./factsheets/f-trigonometricidentities-degrees.qmd
UK,OCR,A-Level Mathematics,Pure,./studyguides/radians.qmd
UK,OCR,A-Level Mathematics,Pure,./studyguides/trigonometricidentities-radians.qmd
UK,OCR,A-Level Mathematics,Pure,./studyguides/trigonometricidentities-degrees.qmd
UK,OCR,A-Level Mathematics,Pure,./studyguides/logarithms.qmd
UK,OCR,A-Level Mathematics,Pure,./factsheets/f-lawsoflogarithms.qmd
UK,OCR,A-Level Mathematics,Pure,
UK,OCR,A-Level Mathematics,Pure,./studyguides/introtodifferentiation.qmd
UK,OCR,A-Level Mathematics,Pure,./proofsheets/ps-introtodifferentiation.qmd
UK,OCR,A-Level Mathematics,Pure,./studyguides/productrule.qmd
UK,OCR,A-Level Mathematics,Pure,./studyguides/quotientrule.qmd
UK,OCR,A-Level Mathematics,Pure,./studyguides/chainrule.qmd
UK,OCR,A-Level Mathematics,Pure,./studyguides/introtointegration.qmd
UK,OCR,A-Level Mathematics,Pure,./studyguides/introtointegration.qmd
UK,OCR,A-Level Mathematics,Pure,./studyguides/introtointegration.qmd
UK,OCR,A-Level Mathematics,Pure,
UK,OCR,A-Level Mathematics,Pure,./studyguides/introductiontovectors.qmd
UK,OCR,A-Level Mathematics,Pure,./studyguides/introductiontovectors.qmd
UK,OCR,A-Level Mathematics,Pure,./studyguides/addandsm.qmd
UK,OCR,A-Level Mathematics,Statistics,
UK,OCR,A-Level Mathematics,Statistics,./studyguides/introtoprobability.qmd
UK,OCR,A-Level Mathematics,Statistics,./studyguides/conditionalprobability.qmd
UK,OCR,A-Level Mathematics,Statistics,./factsheets/f-binomialdist.qmd
UK,OCR,A-Level Mathematics,Statistics,./factsheets/f-normaldist.qmd
UK,OCR,A-Level Mathematics,Statistics,./studyguides/hypothesistesting.qmd
UK,OCR,A-Level Mathematics,Mechanics,
UK,OCR,A-Level Mathematics,Mechanics,
UK,OCR,A-Level Mathematics,Mechanics,
UK,OCR,A-Level Mathematics,Mechanics,
UK,Edexcel,A-Level Mathematics,Pure,
UK,Edexcel,A-Level Mathematics,Pure,./factsheets/f-lawsofindices.qmd
UK,Edexcel,A-Level Mathematics,Pure,
UK,Edexcel,A-Level Mathematics,Pure,./studyguides/rationalizingthedenominator.qmd
UK,Edexcel,A-Level Mathematics,Pure,./studyguides/introtosimeqs.qmd
UK,Edexcel,A-Level Mathematics,Pure,./studyguides/completingthesquare.qmd
UK,Edexcel,A-Level Mathematics,Pure,./studyguides/introtoquadratics.qmd
UK,Edexcel,A-Level Mathematics,Pure,./studyguides/factorization.qmd
UK,Edexcel,A-Level Mathematics,Pure,./studyguides/quadraticformula.qmd
UK,Edexcel,A-Level Mathematics,Pure,./studyguides/sigmanotation.qmd
UK,Edexcel,A-Level Mathematics,Pure,./studyguides/trigonometricidentities-degrees.qmd
UK,Edexcel,A-Level Mathematics,Pure,./factsheets/f-trigonometricidentities-degrees.qmd
UK,Edexcel,A-Level Mathematics,Pure,./studyguides/radians.qmd
UK,Edexcel,A-Level Mathematics,Pure,./studyguides/trigonometricidentities-degrees.qmd
UK,Edexcel,A-Level Mathematics,Pure,./factsheets/f-trigonometricidentities-degrees.qmd
UK,Edexcel,A-Level Mathematics,Pure,./studyguides/logarithms.qmd
UK,Edexcel,A-Level Mathematics,Pure,./factsheets/f-lawsoflogarithms.qmd
UK,Edexcel,A-Level Mathematics,Pure,/.studyguides/trigonometricidentities-radians.qmd
UK,Edexcel,A-Level Mathematics,Pure,./studyguides/introtodifferentiation.qmd
UK,Edexcel,A-Level Mathematics,Pure,./proofsheets/ps-introtodifferentiation.qmd
UK,Edexcel,A-Level Mathematics,Pure,./studyguides/productrule.qmd
UK,Edexcel,A-Level Mathematics,Pure,./studyguides/quotientrule.qmd
UK,Edexcel,A-Level Mathematics,Pure,./studyguides/chainrule.qmd
UK,Edexcel,A-Level Mathematics,Pure,./studyguides/introtointegration.qmd
UK,Edexcel,A-Level Mathematics,Pure,
UK,Edexcel,A-Level Mathematics,Pure,
UK,Edexcel,A-Level Mathematics,Pure,
UK,Edexcel,A-Level Mathematics,Pure,
UK,Edexcel,A-Level Mathematics,Pure,./studyguides/introductiontovectors.qmd
UK,Edexcel,A-Level Mathematics,Pure,./studyguides/addandsm.qmd
UK,Edexcel,A-Level Mathematics,Statistics,
UK,Edexcel,A-Level Mathematics,Statistics,
UK,Edexcel,A-Level Mathematics,Statistics,./studyguides/introtoprobability.qmd
UK,Edexcel,A-Level Mathematics,Statistics,./studyguides/conditionalprobability.qmd
UK,Edexcel,A-Level Mathematics,Statistics,./factsheets/f-binomialdist.qmd
UK,Edexcel,A-Level Mathematics,Statistics,./factsheets/f-normaldist.qmd
UK,Edexcel,A-Level Mathematics,Statistics,./studyguides/hypothesistesting.qmd
UK,Edexcel,A-Level Mathematics,Mechanics,
UK,Edexcel,A-Level Mathematics,Mechanics,
UK,Edexcel,A-Level Mathematics,Mechanics,
UK,Edexcel,A-Level Mathematics,Mechanics,
UK,AQA,A-Level Mathematics,Pure,
UK,AQA,A-Level Mathematics,Pure,./factsheets/f-lawsofindices.qmd
UK,AQA,A-Level Mathematics,Pure,./studyguides/rationalizingthedenominator.qmd
UK,AQA,A-Level Mathematics,Pure,./studyguides/introtosimeqs.qmd
UK,AQA,A-Level Mathematics,Pure,./studyguides/completingthesquare.qmd
UK,AQA,A-Level Mathematics,Pure,./studyguides/introtoquadratics.qmd
UK,AQA,A-Level Mathematics,Pure,./studyguides/factorization.qmd
UK,AQA,A-Level Mathematics,Pure,./studyguides/quadraticformula.qmd
UK,AQA,A-Level Mathematics,Pure,./studyguides/sigmanotation.qmd
UK,AQA,A-Level Mathematics,Pure,./studyguides/trigonometricidentities-degrees.qmd
UK,AQA,A-Level Mathematics,Pure,./factsheets/f-trigonometricidentities-degrees.qmd
UK,AQA,A-Level Mathematics,Pure,./studyguides/radians.qmd
UK,AQA,A-Level Mathematics,Pure,./studyguides/trigonometricidentities-radians.qmd
UK,AQA,A-Level Mathematics,Pure,./factsheets/f-trigonometricidentities-degrees.qmd
UK,AQA,A-Level Mathematics,Pure,./studyguides/logarithms.qmd
UK,AQA,A-Level Mathematics,Pure,./factsheets/f-lawsoflogarithms.qmd
UK,AQA,A-Level Mathematics,Pure,
UK,AQA,A-Level Mathematics,Pure,./studyguides/introtodifferentiation.qmd
UK,AQA,A-Level Mathematics,Pure,./proofsheets/ps-introtodifferentiation.qmd
UK,AQA,A-Level Mathematics,Pure,./studyguides/productrule.qmd
UK,AQA,A-Level Mathematics,Pure,./studyguides/quotientrule.qmd
UK,AQA,A-Level Mathematics,Pure,./studyguides/chainrule.qmd
UK,AQA,A-Level Mathematics,Pure,
UK,AQA,A-Level Mathematics,Pure,
UK,AQA,A-Level Mathematics,Pure,./studyguides/introtointegration.qmd
UK,AQA,A-Level Mathematics,Pure,
UK,AQA,A-Level Mathematics,Pure,
UK,AQA,A-Level Mathematics,Pure,./studyguides/introductiontovectors.qmd
UK,AQA,A-Level Mathematics,Pure,./studyguides/addandsm.qmd
UK,AQA,A-Level Mathematics,Statistics,./studyguides/conditionalprobability.qmd
UK,AQA,A-Level Mathematics,Statistics,./studyguides/introtoprobability.qmd
UK,AQA,A-Level Mathematics,Statistics,./factsheets/f-binomialdist.qmd
UK,AQA,A-Level Mathematics,Statistics,./factsheets/f-normaldist.qmd
UK,AQA,A-Level Mathematics,Statistics,./studyguides/hypothesistesting.qmd
UK,AQA,A-Level Mathematics,Mechanics,
UK,AQA,A-Level Mathematics,Mechanics,
UK,AQA,A-Level Mathematics,Mechanics,
UK,AQA,A-Level Mathematics,Mechanics,
USA,AP,AP Precalculus,Polynomial and Rational Functions,./studyguides/introtorearrange.qmd
USA,AP,AP Precalculus,Polynomial and Rational Functions,
USA,AP,AP Precalculus,Polynomial and Rational Functions,./studyguides/introtocomplexnumbers.qmd
USA,AP,AP Precalculus,Polynomial and Rational Functions,
USA,AP,AP Precalculus,Polynomial and Rational Functions,
USA,AP,AP Precalculus,Polynomial and Rational Functions,
USA,AP,AP Precalculus,Exponential and Logarithmic Functions,
USA,AP,AP Precalculus,Exponential and Logarithmic Functions,
USA,AP,AP Precalculus,Exponential and Logarithmic Functions,./studyguides/solvingeqsindices.qmd
USA,AP,AP Precalculus,Exponential and Logarithmic Functions,
USA,AP,AP Precalculus,Exponential and Logarithmic Functions,
USA,AP,AP Precalculus,Exponential and Logarithmic Functions,
USA,AP,AP Precalculus,Exponential and Logarithmic Functions,
USA,AP,AP Precalculus,Exponential and Logarithmic Functions,
USA,AP,AP Precalculus,Trigonometric and Polar Functions,
USA,AP,AP Precalculus,Trigonometric and Polar Functions,./studyguides/trigonometry-degrees.qmd
USA,AP,AP Precalculus,Trigonometric and Polar Functions,./studyguides/trigonometry-radians.qmd
USA,AP,AP Precalculus,Trigonometric and Polar Functions,
USA,AP,AP Precalculus,Trigonometric and Polar Functions,
USA,AP,AP Precalculus,Trigonometric and Polar Functions,
USA,AP,AP Precalculus,Trigonometric and Polar Functions,
USA,AP,AP Precalculus,Trigonometric and Polar Functions,
USA,AP,AP Precalculus,Trigonometric and Polar Functions,
USA,AP,AP Precalculus,Trigonometric and Polar Functions,
USA,AP,AP Precalculus,Trigonometric and Polar Functions,./studyguides/trigonometricidentities-degrees.qmd
USA,AP,AP Precalculus,Trigonometric and Polar Functions,./studyguides/trigonometricidentities-radians.qmd
USA,AP,AP Precalculus,"Functions Involving Parameters, vectors, and matrices",
USA,AP,AP Precalculus,"Functions Involving Parameters, vectors, and matrices",
USA,AP,AP Precalculus,"Functions Involving Parameters, vectors, and matrices",
USA,AP,AP Precalculus,"Functions Involving Parameters, vectors, and matrices",
USA,AP,AP Precalculus,"Functions Involving Parameters, vectors, and matrices",./studyguides/introductiontovectors.qmd
USA,AP,AP Precalculus,"Functions Involving Parameters, vectors, and matrices",./studyguides/addandsm.qmd
USA,AP,AP Precalculus,"Functions Involving Parameters, vectors, and matrices",
USA,AP,AP Precalculus,"Functions Involving Parameters, vectors, and matrices",
USA,AP,AP Precalculus,"Functions Involving Parameters, vectors, and matrices",
USA,AP,AP Precalculus,"Functions Involving Parameters, vectors, and matrices",
USA,AP,AP Calculus AB,Limits and Continuity,
USA,AP,AP Calculus AB,Limits and Continuity,
USA,AP,AP Calculus AB,Limits and Continuity,
USA,AP,AP Calculus AB,Limits and Continuity,
USA,AP,AP Calculus AB,Limits and Continuity,
USA,AP,AP Calculus AB,Limits and Continuity,
USA,AP,AP Calculus AB,Limits and Continuity,
USA,AP,AP Calculus AB,Differentiation: Definition and Fundamental Properties,
USA,AP,AP Calculus AB,Differentiation: Definition and Fundamental Properties,./studyguides/introtodifferentiation.qmd
USA,AP,AP Calculus AB,Differentiation: Definition and Fundamental Properties,
USA,AP,AP Calculus AB,Differentiation: Definition and Fundamental Properties,
USA,AP,AP Calculus AB,Differentiation: Definition and Fundamental Properties,./studyguides/productrule.qmd
USA,AP,AP Calculus AB,Differentiation: Definition and Fundamental Properties,./studyguides/quotientrule.qmd
USA,AP,AP Calculus AB,"Differentiation: Composite, Implicit, and Inverse Functions",./studyguides/chainrule.qmd
USA,AP,AP Calculus AB,"Differentiation: Composite, Implicit, and Inverse Functions",
USA,AP,AP Calculus AB,"Differentiation: Composite, Implicit, and Inverse Functions",
USA,AP,AP Calculus AB,"Differentiation: Composite, Implicit, and Inverse Functions",
USA,AP,AP Calculus AB,"Differentiation: Composite, Implicit, and Inverse Functions",
USA,AP,AP Calculus AB,Contextual applications of differentiation,
USA,AP,AP Calculus AB,Contextual applications of differentiation,
USA,AP,AP Calculus AB,Contextual applications of differentiation,
USA,AP,AP Calculus AB,Contextual applications of differentiation,
USA,AP,AP Calculus AB,Contextual applications of differentiation,
USA,AP,AP Calculus AB,Contextual applications of differentiation,
USA,AP,AP Calculus AB,Analytical applications of differentiation,
USA,AP,AP Calculus AB,Analytical applications of differentiation,
USA,AP,AP Calculus AB,Analytical applications of differentiation,
USA,AP,AP Calculus AB,Analytical applications of differentiation,
USA,AP,AP Calculus AB,Analytical applications of differentiation,
USA,AP,AP Calculus AB,Analytical applications of differentiation,
USA,AP,AP Calculus AB,Analytical applications of differentiation,
USA,AP,AP Calculus AB,Analytical applications of differentiation,
USA,AP,AP Calculus AB,Analytical applications of differentiation,
USA,AP,AP Calculus AB,Integration and Accumulation of Change,
USA,AP,AP Calculus AB,Integration and Accumulation of Change,
USA,AP,AP Calculus AB,Integration and Accumulation of Change,./studyguides/introtointegration.qmd
USA,AP,AP Calculus AB,Integration and Accumulation of Change,
USA,AP,AP Calculus AB,Integration and Accumulation of Change,./studyguides/introtointegration.qmd
USA,AP,AP Calculus AB,Integration and Accumulation of Change,
USA,AP,AP Calculus AB,Integration and Accumulation of Change,
USA,AP,AP Calculus AB,Differential Equations,
USA,AP,AP Calculus AB,Differential Equations,
USA,AP,AP Calculus AB,Differential Equations,
USA,AP,AP Calculus AB,Differential Equations,
USA,AP,AP Calculus AB,Differential Equations,
USA,AP,AP Calculus AB,Applications of Integration,
USA,AP,AP Calculus AB,Applications of Integration,
USA,AP,AP Calculus AB,Applications of Integration,
USA,AP,AP Calculus AB,Applications of Integration,
USA,AP,AP Calculus AB,Applications of Integration,
USA,AP,AP Calculus AB,Applications of Integration,
USA,AP,AP Calculus AB,Applications of Integration,
USA,AP,AP Calculus BC (all AB topics plus these),Integration and Accumulation of Change,
USA,AP,AP Calculus BC (all AB topics plus these),Integration and Accumulation of Change,
USA,AP,AP Calculus BC (all AB topics plus these),Integration and Accumulation of Change,
USA,AP,AP Calculus BC (all AB topics plus these),Differential Equations,
USA,AP,AP Calculus BC (all AB topics plus these),Differential Equations,
USA,AP,AP Calculus BC (all AB topics plus these),Applications of Integration,
USA,AP,AP Calculus BC (all AB topics plus these),"Parametric equations, polar coordinates, and vector-valued functions",
USA,AP,AP Calculus BC (all AB topics plus these),"Parametric equations, polar coordinates, and vector-valued functions",
USA,AP,AP Calculus BC (all AB topics plus these),"Parametric equations, polar coordinates, and vector-valued functions",
USA,AP,AP Calculus BC (all AB topics plus these),"Parametric equations, polar coordinates, and vector-valued functions",
USA,AP,AP Calculus BC (all AB topics plus these),"Parametric equations, polar coordinates, and vector-valued functions",
USA,AP,AP Calculus BC (all AB topics plus these),"Parametric equations, polar coordinates, and vector-valued functions",
USA,AP,AP Calculus BC (all AB topics plus these),"Parametric equations, polar coordinates, and vector-valued functions",
USA,AP,AP Calculus BC (all AB topics plus these),"Parametric equations, polar coordinates, and vector-valued functions",
USA,AP,AP Calculus BC (all AB topics plus these),"Parametric equations, polar coordinates, and vector-valued functions",
USA,AP,AP Calculus BC (all AB topics plus these),Infinite Sequences and Series,
USA,AP,AP Calculus BC (all AB topics plus these),Infinite Sequences and Series,
USA,AP,AP Calculus BC (all AB topics plus these),Infinite Sequences and Series,
USA,AP,AP Calculus BC (all AB topics plus these),Infinite Sequences and Series,
USA,AP,AP Calculus BC (all AB topics plus these),Infinite Sequences and Series,
USA,AP,AP Calculus BC (all AB topics plus these),Infinite Sequences and Series,
USA,AP,AP Calculus BC (all AB topics plus these),Infinite Sequences and Series,
USA,AP,AP Calculus BC (all AB topics plus these),Infinite Sequences and Series,
USA,AP,AP Calculus BC (all AB topics plus these),Infinite Sequences and Series,
USA,AP,AP Calculus BC (all AB topics plus these),Infinite Sequences and Series,
USA,AP,AP Calculus BC (all AB topics plus these),Infinite Sequences and Series,
USA,AP,AP Calculus BC (all AB topics plus these),Infinite Sequences and Series,
USA,AP,AP Calculus BC (all AB topics plus these),Infinite Sequences and Series,
USA,AP,AP Calculus BC (all AB topics plus these),Infinite Sequences and Series,
USA,AP,AP Calculus BC (all AB topics plus these),Infinite Sequences and Series,
USA,AP,AP Statistics,Exploring One-Variable Data,
USA,AP,AP Statistics,Exploring One-Variable Data,
USA,AP,AP Statistics,Exploring One-Variable Data,
USA,AP,AP Statistics,Exploring One-Variable Data,
USA,AP,AP Statistics,Exploring One-Variable Data,
USA,AP,AP Statistics,Exploring One-Variable Data,
USA,AP,AP Statistics,Exploring One-Variable Data,
USA,AP,AP Statistics,Exploring two-variable data,
USA,AP,AP Statistics,Exploring two-variable data,
USA,AP,AP Statistics,Exploring two-variable data,
USA,AP,AP Statistics,Exploring two-variable data,
USA,AP,AP Statistics,Exploring two-variable data,
USA,AP,AP Statistics,Exploring two-variable data,
USA,AP,AP Statistics,Exploring two-variable data,
USA,AP,AP Statistics,Collecting Data,
USA,AP,AP Statistics,Collecting Data,
USA,AP,AP Statistics,Collecting Data,
USA,AP,AP Statistics,Collecting Data,
USA,AP,AP Statistics,"Probability, random variables, and probability distributions",./studyguides/introtoprobability.qmd
USA,AP,AP Statistics,"Probability, random variables, and probability distributions",
USA,AP,AP Statistics,"Probability, random variables, and probability distributions",
USA,AP,AP Statistics,"Probability, random variables, and probability distributions",./studyguides/conditionalprobability.qmd
USA,AP,AP Statistics,"Probability, random variables, and probability distributions",
USA,AP,AP Statistics,"Probability, random variables, and probability distributions",
USA,AP,AP Statistics,"Probability, random variables, and probability distributions",./studyguides/expectedvariance.qmd
USA,AP,AP Statistics,"Probability, random variables, and probability distributions",
USA,AP,AP Statistics,"Probability, random variables, and probability distributions",
USA,AP,AP Statistics,"Probability, random variables, and probability distributions",
USA,AP,AP Statistics,Sampling distributions,
USA,AP,AP Statistics,Sampling distributions,
USA,AP,AP Statistics,Sampling distributions,
USA,AP,AP Statistics,Sampling distributions,
USA,AP,AP Statistics,Sampling distributions,
USA,AP,AP Statistics,Sampling distributions,
USA,AP,AP Statistics,Inference for Categorical Data: proportions,./studyguides/hypothesistesting.qmd
USA,AP,AP Statistics,Inference for Categorical Data: proportions,
USA,AP,AP Statistics,Inference for Categorical Data: proportions,
USA,AP,AP Statistics,Inference for Categorical Data: proportions,
USA,AP,AP Statistics,Inference for Categorical Data: proportions,
USA,AP,AP Statistics,Inference for Categorical Data: proportions,
USA,AP,AP Statistics,Inference for Quantitative Data: Means,
USA,AP,AP Statistics,Inference for Quantitative Data: Means,
USA,AP,AP Statistics,Inference for Quantitative Data: Means,
USA,AP,AP Statistics,Inference for Quantitative Data: Means,
USA,AP,AP Statistics,Inference for Categorical Data: Chi-square,
USA,AP,AP Statistics,Inference for Categorical Data: Chi-square,
USA,AP,AP Statistics,Inference for Quantitative Data: Slopes,
USA,AP,AP Statistics,Inference for Quantitative Data: Slopes,